TEST	mean_Freq	stdev_Freq
IM_First	36.57843076923077	1.753741801779181
IM_Second	36.667684615384616	1.117382268105646
IM_Third	21.528276923076923	4.041610722462405
MA_First	34.645953846153844	2.608803274688538
MA_Second	32.682	1.0132274966659744
MA_Third	20.614976923076924	4.815626151767778
TM_First	35.51873846153846	1.5193408003354947
TM_Second	34.87783846153846	0.9129492999234768
TM_Third	21.64027692307692	4.625096063894935
